note,title,url,chooseTag,maxPages,chooseIntensity,headers,urlWL,regExpWL,urlBL,regExpBL,enableSchedule,chooseRecurrenceMode,enableRecurrenceEndsAfter,recurrenceOccurrences,every_X_Days,every_X_Weeks,recurrenceOnDays,daysInNumber,monthNumberA,dayNumberInWords,dayName,monthNumberB,chooseDate,chooseTime,chooseTimeZone,addSiteOrScan
testcase-1,auto1-site,http://lamp.vuln.qa.qualys.com/,"Malware Domain Assets,Asset Name Contains",3,Low,none,none,none,none,none,yes,Single occurrence,none,none,none,none,none,none,none,none,none,none,none,none,none,finish
testcase-2,auto2-site,http://funkytown.vuln.qa.qualys.com/cassium/,none,10,Medium,none,http://funkytown.vuln.qa.qualys.com/cassium/xss/0/2/1/xss.php?s=foo,.+,none,none,yes,Single occurrence,none,none,none,none,none,none,none,none,none,none,none,none,none,finish
testcase-3,auto3-site-IP,http://10.10.26.238,none,30,High,none,http://10.10.26.238/boq/acct/personal/,.?,none,none,yes,Single occurrence,none,none,none,none,none,none,none,none,none,none,none,none,none,finish
testcase-4,auto4-urlRegEx,http://10.10.26.239,none,31,High,none,http://10.10.26.238/boq/acct/personal/,none,none,none,yes,Single occurrence,none,none,none,none,none,none,none,none,none,none,none,none,none,finish
testcase-5,auto5-scheduleMonthly-Day,http://www.mwtest.info/malware-demos-named,Malware Domain Assets,30,Low,none,none,none,none,none,yes,Single occurrence,none,none,none,none,none,none,none,none,none,none,none,none,none,finish
testcase-6,auto6-scheduleMonthlyXthDay,http://funkytown.vuln.qa.qualys.com/cassium/,Asset Name Contains,5,Maximum,none,none,none,none,none,yes,Single occurrence,none,none,none,none,none,none,none,none,none,none,none,none,none,finish
testcase-7,auto7-save-scan,http://lamp.vuln.qa.qualys.com/,Malware Domain Assets-Asset Name Contains,3,Low,none,none,none,none,none,yes,Single occurrence,none,none,none,none,none,none,none,none,none,none,none,none,none,scan & Scan
testcase-8,auto8-save-scan,http://funkytown.vuln.qa.qualys.com/cassium/,none,10,Medium,none,http://funkytown.vuln.qa.qualys.com/cassium/xss/0/2/1/xss.php?s=foo,.$,none,none,yes,Single occurrence,none,none,none,none,none,none,none,none,none,none,none,none,none,scan & Scan
testcase-9,auto9-IP-save-scan,http://10.10.26.238,none,30,High,none,http://10.10.26.238/boq/acct/personal/,.+?$,none,none,yes,Single occurrence,none,none,none,none,none,none,none,none,none,none,none,none,none,scan & Scan
testcase-10,auto10-urlRegEx-save-scan,http://10.10.26.239,none,31,High,none,http://10.10.26.238/boq/acct/personal/,.*,none,none,yes,Single occurrence,none,none,none,none,none,none,none,none,none,none,none,none,none,scan & Scan
testcase-9,auto11-headerInjection-save-scan,http://www.mwtest.info/tests/custom_header_tests/echo_headers.php,none,12,High,"""User-Agent: <script>var a = null;a = document.createElement('object');a.setAttribute('classid', 'clsid:00000032-9593-4264-8B29-930B3E4EDCCD');</script> """,none,none,none,none,yes,Single occurrence,none,none,none,none,none,none,none,none,none,none,none,none,none,scan & Scan
