<!DOCTYPE suite SYSTEM "http://testng.org/testng-1.0.dtd">

<suite name="TestSuite" preserve-order="true" parallel="false">

	<test name="Add site test">
		<parameter name="browser" value="chrome"></parameter>
		<packages>
			<package name="com.qualys.selenium.mds.scans.tests.addSite" />
		</packages>
	</test>

	<test name="Launch Scans">
		<parameter name="browser" value="chrome"></parameter>
		<packages>
			<package name="com.qualys.selenium.mds.scans.tests.newScans" />
		</packages>
	</test>


	<test name="Report test">
		<parameter name="browser" value="chrome"></parameter>
		<packages>
			<package name="com.qualys.selenium.mds.scans.tests.reportsCompressedHTML" />
			<package
				name="com.qualys.selenium.mds.scans.tests.reportsPortableDocFormat" />
			<package
				name="com.qualys.selenium.mds.scans.tests.reportsEncryptedDocFormat" />

		</packages>
	</test>

	<!-- <test name="Add site test"> <parameter name="browser" value="chrome"></parameter> 
		<packages> <package name="com.qualys.selenium.mds.scans.tests.addSite" /> 
		</packages> </test> <test name="Detections tests"> <parameter name="browser" 
		value="chrome"></parameter> <packages> <package name="com.qualys.selenium.mds.scans.tests.detections" 
		/> </packages> </test> <test name="New Scan tests"> <parameter name="browser" 
		value="chrome"></parameter> <packages> <package name="com.qualys.selenium.mds.scans.tests.newScans" 
		/> </packages> </test> -->




	<!-- <test name="MDS Tests"> <parameter name="browser" value="chrome"></parameter> 
		<packages> <package name="com.qualys.selenium.mds.scans" /> </packages> </test> -->


</suite>